category|name
CITY|咸阳
CITY|邯郸
CITY|大梁
CITY|临淄
CITY|郢都
CITY|新郑
CITY|蓟城
CITY|洛阳
CITY|寿春
CITY|琅琊
CITY|会稽
CITY|番禺
SURNAME|赵
SURNAME|钱
SURNAME|孙
SURNAME|李
SURNAME|周
SURNAME|吴
SURNAME|郑
SURNAME|王
SURNAME|冯
SURNAME|陈
SURNAME|褚
SURNAME|卫
SURNAME|蒋
SURNAME|沈
SURNAME|韩
SURNAME|杨
SURNAME|朱
SURNAME|秦
SURNAME|尤
SURNAME|许
SURNAME|何
SURNAME|吕
SURNAME|施
SURNAME|张
SURNAME|孔
SURNAME|曹
SURNAME|严
SURNAME|华
SURNAME|金
SURNAME|魏
SURNAME|陶
SURNAME|姜
SURNAME|戚
SURNAME|谢
SURNAME|邹
SURNAME|喻
SURNAME|柏
SURNAME|水
SURNAME|窦
SURNAME|章
MALE_NAME|伯
MALE_NAME|仲
MALE_NAME|叔
MALE_NAME|季
MALE_NAME|勇
MALE_NAME|猛
MALE_NAME|刚
MALE_NAME|强
MALE_NAME|平
MALE_NAME|安
MALE_NAME|福
MALE_NAME|寿
MALE_NAME|康
MALE_NAME|宁
MALE_NAME|文
MALE_NAME|武
MALE_NAME|德
MALE_NAME|才
MALE_NAME|光
MALE_NAME|明
MALE_NAME|虎
MALE_NAME|豹
MALE_NAME|龙
MALE_NAME|非
MALE_NAME|忌
MALE_NAME|去病
MALE_NAME|无忌
MALE_NAME|不害
MALE_NAME|鞅
MALE_NAME|仪
MALE_NAME|斯
MALE_NAME|恬
MALE_NAME|信
MALE_NAME|广
MALE_NAME|胜
MALE_NAME|起
MALE_NAME|翦
MALE_NAME|贲
